chamber,epoch_id,epoch_step,average_speed
1,1,Gap,2.1438489308525406
2,1,Gap,2.721466259372396
3,1,Gap,2.266037211885587
4,1,Gap,2.2160510969175227
5,1,Gap,2.1938350458206046
6,1,Gap,3.487920022216051
7,1,Gap,2.1549569564009987
8,1,Gap,1.8328242154956953
9,1,Gap,2.2826992502082764
10,1,Gap,2.3715634545959463
11,1,Gap,2.5770619272424327
12,1,Gap,1.5273535129130802
13,1,Gap,2.2271591224659817
14,1,Gap,2.454873646209386
15,1,Gap,2.2771452374340457
16,1,Gap,2.1494029436267703
17,1,Gap,3.021382949180783
18,1,Gap,3.004720910858095
19,1,Gap,2.1660649819494586
20,1,Gap,2.404887531241322
1,2,Shock #1,2.1538461538461533
2,2,Shock #1,2.20879120879121
3,2,Shock #1,2.3791208791208787
4,2,Shock #1,2.027472527472528
5,2,Shock #1,2.241758241758241
6,2,Shock #1,2.395604395604395
7,2,Shock #1,2.0054945054945055
8,2,Shock #1,2.1153846153846154
9,2,Shock #1,1.7857142857142854
10,2,Shock #1,2.5384615384615383
11,2,Shock #1,1.637362637362637
12,2,Shock #1,2.1043956043956045
13,2,Shock #1,1.554945054945054
14,2,Shock #1,1.9450549450549453
15,2,Shock #1,2.692307692307692
16,2,Shock #1,3.1538461538461533
17,2,Shock #1,1.747252747252747
18,2,Shock #1,3.978021978021978
19,2,Shock #1,1.8076923076923075
20,2,Shock #1,1.170329670329671
1,3,Gap,2.3048951048951047
2,3,Gap,1.0405594405594405
3,3,Gap,2.2993006993006992
4,3,Gap,1.8293706293706289
5,3,Gap,1.8461538461538465
6,3,Gap,1.913286713286713
7,3,Gap,1.8517482517482515
8,3,Gap,1.6279720279720284
9,3,Gap,1.622377622377622
10,3,Gap,2.103496503496503
11,3,Gap,2.0475524475524485
12,3,Gap,2.1706293706293707
13,3,Gap,1.1076923076923073
14,3,Gap,1.4097902097902097
15,3,Gap,1.7230769230769234
16,3,Gap,2.75990675990676
17,3,Gap,2.830769230769231
18,3,Gap,2.3776223776223775
19,3,Gap,1.8741258741258744
20,3,Gap,3.5860139860139855
1,4,Shock #2,1.786600496277916
2,4,Shock #2,1.4998621450234362
3,4,Shock #2,2.360077198786876
4,4,Shock #2,2.28287841191067
5,4,Shock #2,2.3545629997242896
6,4,Shock #2,2.382133995037221
7,4,Shock #2,1.9630548662806722
8,4,Shock #2,2.3049352081610146
9,4,Shock #2,2.078853046594982
10,4,Shock #2,2.045767852219465
11,4,Shock #2,2.21119382409705
12,4,Shock #2,1.7480011028398124
13,4,Shock #2,1.3564929693961956
14,4,Shock #2,1.7866004962779158
15,4,Shock #2,2.35456299972429
16,4,Shock #2,2.3729436632662435
17,4,Shock #2,2.2553074165977396
18,4,Shock #2,3.76068376068376
19,4,Shock #2,2.0402536531568782
20,4,Shock #2,1.6763165150261918
1,5,Gap,1.1804195804195805
2,5,Gap,1.5776223776223766
3,5,Gap,1.8573426573426575
4,5,Gap,1.538461538461538
5,5,Gap,0.47552447552447574
6,5,Gap,2.1594405594405597
7,5,Gap,1.5160839160839161
8,5,Gap,1.605594405594406
9,5,Gap,1.3482517482517486
10,5,Gap,1.9132867132867142
11,5,Gap,1.4433566433566436
12,5,Gap,1.3202797202797212
13,5,Gap,1.2307692307692308
14,5,Gap,0.9398601398601396
15,5,Gap,1.4209790209790214
16,5,Gap,2.786013986013986
17,5,Gap,2.2545454545454544
18,5,Gap,3.56923076923077
19,5,Gap,1.6111888111888109
20,5,Gap,1.7790209790209786
1,6,Shock #3,1.5384615384615392
2,6,Shock #3,1.0201268265784385
3,6,Shock #3,1.7866004962779156
4,6,Shock #3,1.5660325337744692
5,6,Shock #3,2.0953956437827412
6,6,Shock #3,1.8748276812792946
7,6,Shock #3,1.411634960022057
8,6,Shock #3,1.9299696719051567
9,6,Shock #3,1.8582850840915368
10,6,Shock #3,1.8086572925282598
11,6,Shock #3,2.051282051282052
12,6,Shock #3,1.1138682106424036
13,6,Shock #3,1.7921146953405018
14,6,Shock #3,1.6046319272125718
15,6,Shock #3,2.5365315687896333
16,6,Shock #3,1.1414392059553344
17,6,Shock #3,2.06782464846981
18,6,Shock #3,3.595257788806176
19,6,Shock #3,1.748001102839813
20,6,Shock #3,2.045767852219465
1,7,Gap,1.215161649944258
2,7,Gap,1.4882943143812715
3,7,Gap,2.157190635451505
4,7,Gap,1.2597547380156071
5,7,Gap,0.3678929765886286
6,7,Gap,1.4659977703455964
7,7,Gap,1.4269788182831658
8,7,Gap,1.9230769230769234
9,7,Gap,1.1817168338907467
10,7,Gap,1.856187290969899
11,7,Gap,1.4325529542920843
12,7,Gap,1.5440356744704584
13,7,Gap,1.3600891861761426
14,7,Gap,0.9141583054626531
15,7,Gap,1.2653288740245263
16,7,Gap,2.5808249721293204
17,7,Gap,2.3132664437012265
18,7,Gap,2.7034559643255287
19,7,Gap,1.3935340022296536
20,7,Gap,1.304347826086956
1,8,Shock #4,0.7470946319867184
2,8,Shock #4,1.8594355285002775
3,8,Shock #4,2.097399003873824
4,8,Shock #4,2.080796900940786
5,8,Shock #4,1.7155506364139461
6,8,Shock #4,1.6325401217487552
7,8,Shock #4,1.4941892639734362
8,8,Shock #4,2.042058660763696
9,8,Shock #4,1.7100166021029326
10,8,Shock #4,1.8815716657443284
11,8,Shock #4,1.7487548422800225
12,8,Shock #4,1.3447703375760915
13,8,Shock #4,1.8649695628112906
14,8,Shock #4,1.4499169894853352
15,8,Shock #4,1.8317653569452133
16,8,Shock #4,2.7780852241283904
17,8,Shock #4,2.3741007194244603
18,8,Shock #4,3.8996495111603022
19,8,Shock #4,2.1029330381848363
20,8,Shock #4,1.9701162147205311
1,9,Gap,1.6439877811718968
2,9,Gap,1.3107470147181344
3,9,Gap,0.7053596223271312
4,9,Gap,1.4107192446542627
5,9,Gap,0.33324076645376277
6,9,Gap,1.6884198833657311
7,9,Gap,1.743960011108026
8,9,Gap,1.699527908914191
9,9,Gap,1.5773396278811451
10,9,Gap,1.1441266314912526
11,9,Gap,1.027492363232436
12,9,Gap,1.3718411552346563
13,9,Gap,0.8497639544570945
14,9,Gap,0.971952235490142
15,9,Gap,0.011108025548458824
16,9,Gap,2.638156067758956
17,9,Gap,2.0327686753679535
18,9,Gap,2.68814218272702
19,9,Gap,0.7886698139405725
20,9,Gap,1.0386003887808948
1,10,Shock #5,1.4609850581073605
2,10,Shock #5,1.1234089651355834
3,10,Shock #5,2.1914775871610397
4,10,Shock #5,1.6685113447703375
5,10,Shock #5,0.4316546762589933
6,10,Shock #5,1.9811842833425557
7,10,Shock #5,1.6546762589928057
8,10,Shock #5,2.0033204205866078
9,10,Shock #5,1.5882678472606517
10,10,Shock #5,2.0475926950747088
11,10,Shock #5,1.3392363032650807
12,10,Shock #5,1.411178749308246
13,10,Shock #5,1.7044825677919206
14,10,Shock #5,0.49806308799114585
15,10,Shock #5,1.8649695628112901
16,10,Shock #5,2.174875484228002
17,10,Shock #5,2.119535141117875
18,10,Shock #5,2.8610957387935803
19,10,Shock #5,2.1472053126729387
20,10,Shock #5,1.3669064748201434
1,11,Gap,1.0846707249584948
2,11,Gap,0.9186496956281122
3,11,Gap,2.451577199778639
4,11,Gap,1.081903707802988
5,11,Gap,0.21582733812949642
6,11,Gap,1.178749308245711
7,11,Gap,1.4997232982844493
8,11,Gap,1.6768123962368569
9,11,Gap,1.317100166021027
10,11,Gap,0.9241837299391256
11,11,Gap,0.5589374654122856
12,11,Gap,1.0514665190924184
13,11,Gap,0.6640841173215274
14,11,Gap,0.5755395683453239
15,11,Gap,0.9463198671831766
16,11,Gap,1.7764250138350857
17,11,Gap,1.710016602102933
18,11,Gap,2.130603209739901
19,11,Gap,1.3724405091311562
20,11,Gap,1.1455451023796341
1,12,Shock #6,1.7874930824571105
2,12,Shock #6,1.5993359158826774
3,12,Shock #6,2.3076923076923075
4,12,Shock #6,1.6325401217487538
5,12,Shock #6,1.466519092418373
6,12,Shock #6,1.870503597122302
7,12,Shock #6,1.6768123962368564
8,12,Shock #6,2.058660763696736
9,12,Shock #6,1.6214720531267297
10,12,Shock #6,1.6657443276148316
11,12,Shock #6,0.8577753182069728
12,12,Shock #6,2.042058660763697
13,12,Shock #6,1.6989485334809085
14,12,Shock #6,0.6917542888765921
15,12,Shock #6,0.3818483674598783
16,12,Shock #6,2.346430547869397
17,12,Shock #6,2.2523519645821803
18,12,Shock #6,3.2318760376314337
19,12,Shock #6,2.5401217487548418
20,12,Shock #6,1.6159380188157164
1,13,Gap,1.1607886698139402
2,13,Gap,0.5665093029713968
3,13,Gap,2.471535684532074
4,13,Gap,1.3107470147181344
5,13,Gap,0.12218828103304656
6,13,Gap,1.0274923632324353
7,13,Gap,0.2777006387114702
8,13,Gap,1.0552624271035833
9,13,Gap,1.4773673979450148
10,13,Gap,0.1221882810330466
11,13,Gap,0.0
12,13,Gap,0.6276034434879203
13,13,Gap,0.960844209941683
14,13,Gap,1.210774784782005
15,13,Gap,1.110802554845876
16,13,Gap,2.143848930852541
17,13,Gap,1.732851985559566
18,13,Gap,2.0883088031102477
19,13,Gap,0.8219938905859487
20,13,Gap,1.066370452652041
1,14,Shock #7,1.4167127836192595
2,14,Shock #7,0.9573879358052021
3,14,Shock #7,2.722744881018262
4,14,Shock #7,1.870503597122303
5,14,Shock #7,1.2008854454897615
6,14,Shock #7,1.4775871610403983
7,14,Shock #7,0.774764803541782
8,14,Shock #7,1.8262313226342002
9,14,Shock #7,1.4886552296624238
10,14,Shock #7,2.2025456557830663
11,14,Shock #7,0.4316546762589928
12,14,Shock #7,0.9020475926950745
13,14,Shock #7,1.1400110680686206
14,14,Shock #7,1.0514665190924188
15,14,Shock #7,1.6546762589928066
16,14,Shock #7,1.364139457664638
17,14,Shock #7,2.5677919203099053
18,14,Shock #7,3.0049806308799116
19,14,Shock #7,2.302158273381295
20,14,Shock #7,1.7487548422800223
1,15,Gap,1.4384893085254087
2,15,Gap,0.8553179672313248
3,15,Gap,2.349347403499028
4,15,Gap,1.183004720910858
5,15,Gap,0.05554012774229382
6,15,Gap,1.0996945292974176
7,15,Gap,0.6775895584559848
8,15,Gap,1.1330186059427936
9,15,Gap,1.194112746459318
10,15,Gap,0.2554845876145515
11,15,Gap,0.5276312135517911
12,15,Gap,1.0497084143293525
13,15,Gap,0.8164398778117185
14,15,Gap,1.3996112191058034
15,15,Gap,1.0996945292974174
16,15,Gap,0.7747847820049987
17,15,Gap,2.96028880866426
18,15,Gap,2.7270202721466252
19,15,Gap,1.1996667592335462
20,15,Gap,1.0219383504582062
1,16,Shock #8,1.5884476534296028
2,16,Shock #8,0.7331296861982781
3,16,Shock #8,2.032768675367953
4,16,Shock #8,1.6384337683976664
5,16,Shock #8,1.7050819216884192
6,16,Shock #8,1.9827825603998888
7,16,Shock #8,1.7717300749791731
8,16,Shock #8,1.3274090530408222
9,16,Shock #8,1.9161344071091366
10,16,Shock #8,1.682865870591503
11,16,Shock #8,0.5498472646487089
12,16,Shock #8,2.093862815884476
13,16,Shock #8,0.3610108303249098
14,16,Shock #8,1.4607053596223278
15,16,Shock #8,2.0161066370452647
16,16,Shock #8,0.294362677034157
17,16,Shock #8,2.3604554290474873
18,16,Shock #8,2.1401462556697215
19,16,Shock #8,1.6662038322688142
20,16,Shock #8,1.0719244654262712
1,17,Gap,1.6332218506131553
2,17,Gap,1.170568561872911
3,17,Gap,1.6053511705685621
4,17,Gap,1.2541806020066886
5,17,Gap,0.5239687848383499
6,17,Gap,1.4102564102564108
7,17,Gap,0.8472686733556294
8,17,Gap,1.460423634336677
9,17,Gap,1.1594202898550725
10,17,Gap,1.6220735785953182
11,17,Gap,0.36231884057971026
12,17,Gap,1.1426978818283173
13,17,Gap,1.0702341137123752
14,17,Gap,1.0535117056856198
15,17,Gap,0.6856187290969895
16,17,Gap,1.4214046822742474
17,17,Gap,1.3210702341137128
18,17,Gap,0.9810479375696771
19,17,Gap,1.2987736900780376
20,17,Gap,1.304347826086956
1,18,Shock #9,1.2894299944659655
2,18,Shock #9,1.5163254012174883
3,18,Shock #9,2.136137244050913
4,18,Shock #9,1.9756502490315433
5,18,Shock #9,0.0
6,18,Shock #9,1.615938018815717
7,18,Shock #9,1.4333148865522962
8,18,Shock #9,1.4720531267293844
9,18,Shock #9,1.2921970116214712
10,18,Shock #9,1.6463752075262865
11,18,Shock #9,0.7581627006087444
12,18,Shock #9,1.0846707249584944
13,18,Shock #9,1.5218594355285002
14,18,Shock #9,1.5384615384615388
15,18,Shock #9,1.2174875484228003
16,18,Shock #9,1.3945766463752076
17,18,Shock #9,1.9867183176535692
18,18,Shock #9,2.130603209739901
19,18,Shock #9,2.019922523519646
20,18,Shock #9,1.9535141117874932
1,19,Gap,1.7892976588628755
2,19,Gap,0.8138238573021183
3,19,Gap,2.0568561872909696
4,19,Gap,0.45707915273132593
5,19,Gap,0.35117056856187256
6,19,Gap,1.2151616499442581
7,19,Gap,0.8639910813823859
8,19,Gap,0.919732441471572
9,19,Gap,1.81438127090301
10,19,Gap,1.4743589743589747
11,19,Gap,0.17837235228539572
12,19,Gap,1.1315496098104794
13,19,Gap,1.3266443701226316
14,19,Gap,0.3734671125975471
15,19,Gap,0.8361204013377925
16,19,Gap,1.599777034559643
17,19,Gap,1.89520624303233
18,19,Gap,1.176142697881828
19,19,Gap,0.4960981047937567
20,19,Gap,1.3823857302118168
1,20,Shock #10,1.4829214107192443
2,20,Shock #10,1.1996667592335457
3,20,Shock #10,1.560677589558456
4,20,Shock #10,1.471813385170786
5,20,Shock #10,1.7217439600111082
6,20,Shock #10,1.7661760622049438
7,20,Shock #10,1.4940294362677045
8,20,Shock #10,1.8661482921410715
9,20,Shock #10,1.3718411552346572
10,20,Shock #10,1.563454595945569
11,20,Shock #10,1.094140516523188
12,20,Shock #10,0.971952235490142
13,20,Shock #10,1.3996112191058032
14,20,Shock #10,1.232990835878923
15,20,Shock #10,0.7109136351013607
16,20,Shock #10,2.2808479126168657
17,20,Shock #10,1.8383782282699253
18,20,Shock #10,2.732574284920856
19,20,Shock #10,2.1605109691752284
20,20,Shock #10,1.0497084143293531
